POA_CODE,Relative Socio-Economic Disadvantage Decile,Relative Socio-Economic Advantage and Disadvantage Decile,Economic Resources Decile,Education and Occupation Decile,25_and_over
800,9,10,2,9,4770
810,8,9,6,8,21313
812,6,7,6,6,11805
815,9,10,9,9,155
820,9,10,6,9,13278
822,1,1,1,1,13885
828,4,5,2,6,655
829,4,5,4,2,1132
830,5,6,5,5,10644
832,9,9,9,7,8626
834,8,9,10,6,1214
835,9,9,10,6,3906
836,8,9,10,5,4837
837,6,6,8,3,283
838,8,8,9,6,514
839,5,4,1,2,310
840,1,1,1,1,295
841,4,5,8,2,433
845,1,1,1,5,310
846,1,1,1,1,231
847,1,1,1,2,187
850,4,5,2,7,4920
852,1,1,1,1,4143
853,10,9,6,8,442
854,1,1,1,1,452
860,1,1,1,5,1746
862,1,1,1,1,342
870,7,8,5,8,12235
872,1,1,1,1,8226
873,1,2,1,3,1619
874,10,10,5,10,342
875,4,5,2,7,1328
880,1,3,1,6,2803
885,10,9,5,9,519
886,7,7,1,8,639
2000,4,9,1,10,19347
2007,3,8,1,10,4811
2008,6,9,1,10,6422
2009,8,10,1,10,9733
2010,8,10,1,10,22613
2011,8,10,1,10,17209
2015,10,10,5,10,7472
2016,5,9,1,9,10317
2017,5,9,1,10,16800
2018,5,7,2,8,11501
2019,8,9,8,8,7115
2020,8,9,3,9,10055
2021,10,10,6,10,11241
2022,9,10,5,10,9015
2023,10,10,10,10,7147
2024,10,10,8,10,7679
2025,10,10,8,10,5376
2026,10,10,5,10,23809
2027,10,10,7,10,6344
2028,10,10,6,10,3502
2029,10,10,8,10,6867
2030,10,10,10,10,8911
2031,10,10,6,10,24172
2032,4,8,1,9,9622
2033,9,10,2,10,7305
2034,9,10,5,10,14672
2035,8,9,5,9,23151
2036,6,8,5,8,20779
2037,7,9,1,10,11186
2038,10,10,7,10,6538
2039,10,10,9,10,6237
2040,9,10,7,10,15067
2041,10,10,8,10,11095
2042,9,10,2,10,13823
2043,10,10,5,10,6118
2044,8,9,6,9,5575
2045,9,10,9,10,4326
2046,9,10,8,9,18815
2047,10,10,8,10,8559
2048,10,10,5,10,5717
2049,9,10,4,10,8075
2050,9,10,1,10,6226
2052,6,9,1,10,556
2060,10,10,4,10,10656
2061,10,10,3,10,4825
2062,10,10,8,10,4979
2063,10,10,10,10,4010
2064,9,10,5,10,6521
2065,10,10,7,10,22110
2066,10,10,9,10,21246
2067,8,10,3,10,17830
2068,10,10,10,10,10605
2069,10,10,10,10,9017
2070,10,10,10,10,8523
2071,10,10,10,10,8588
2072,10,10,9,10,5011
2073,10,10,10,10,10014
2074,10,10,10,10,14523
2075,10,10,10,10,13248
2076,10,10,10,10,15573
2077,9,9,6,9,25582
2079,10,10,10,9,4528
2080,10,10,10,9,1096
2081,10,10,10,9,3315
2082,10,10,10,9,3414
2083,8,9,8,9,1078
2084,10,10,10,9,2358
2085,10,10,10,10,7689
2086,10,10,10,10,8304
2087,10,10,10,10,8032
2088,10,10,9,10,19529
2089,10,10,5,10,8997
2090,10,10,7,10,10233
2092,10,10,10,10,4265
2093,10,10,10,10,14630
2094,10,10,9,10,4149
2095,10,10,6,10,11792
2096,10,10,9,10,9852
2097,10,10,10,9,10053
2099,8,9,8,9,27092
2100,10,10,10,9,13476
2101,9,10,10,9,13376
2102,10,10,10,9,4684
2103,10,10,10,9,7231
2104,10,10,10,10,2656
2105,10,10,10,10,1274
2106,10,10,10,10,6020
2107,10,10,10,10,9459
2108,10,10,10,10,1128
2109,7,10,1,10,1524
2110,10,10,10,10,6497
2111,10,10,8,10,9928
2112,9,9,7,9,22194
2113,9,10,7,10,12560
2114,9,9,6,9,16766
2115,6,8,6,8,6977
2116,6,7,4,8,4358
2117,7,8,6,8,14128
2118,9,9,8,9,16074
2119,10,10,10,10,7497
2120,10,10,10,10,12956
2121,10,10,8,10,18475
2122,8,9,4,10,21109
2125,10,10,10,10,10671
2126,10,10,10,10,12132
2127,10,10,6,10,10329
2128,6,8,3,7,3051
2130,9,10,4,10,5261
2131,6,8,1,9,17088
2132,7,9,6,9,7270
2133,7,8,7,8,7411
2134,4,8,1,9,10590
2135,7,9,4,9,16980
2136,7,9,6,8,4894
2137,9,10,8,9,18156
2138,9,10,3,10,13443
2140,6,8,1,9,10886
2141,3,6,2,6,19373
2142,2,3,1,5,16982
2143,2,4,2,5,5685
2144,1,2,1,2,23359
2145,7,8,5,7,52249
2146,7,8,6,7,11466
2147,6,7,6,6,24025
2148,4,5,3,4,40763
2150,6,8,1,9,22303
2151,8,9,5,9,14463
2152,8,9,6,9,7775
2153,10,10,10,9,36741
2154,10,10,10,10,25863
2155,10,10,10,9,32640
2156,10,10,10,9,8346
2157,9,9,10,8,2363
2158,10,10,10,9,5483
2159,10,10,10,9,3272
2160,1,3,1,4,22594
2161,1,2,1,2,18677
2162,1,2,1,2,11370
2163,1,1,1,1,6170
2164,1,2,3,2,12711
2165,1,1,1,1,27090
2166,1,1,1,1,33480
2167,6,7,6,7,6186
2168,1,1,2,1,25906
2170,2,4,4,4,66010
2171,7,8,10,6,20282
2172,10,10,10,9,1718
2173,10,9,9,8,8459
2174,9,10,10,8,1335
2175,6,7,10,4,1243
2176,3,4,7,3,31257
2177,1,2,4,1,10015
2178,7,7,10,4,2684
2179,5,6,8,4,4238
2190,2,3,3,4,15047
2191,5,7,6,7,4154
2192,2,3,1,4,8517
2193,7,8,6,8,10475
2194,2,4,1,5,16917
2195,1,1,1,2,16590
2196,2,3,2,3,19475
2197,2,3,3,3,5512
2198,6,7,8,5,5724
2199,1,3,2,3,11138
2200,1,2,1,4,26913
2203,8,9,4,9,9655
2204,6,8,3,9,18963
2205,6,8,2,8,13339
2206,7,8,8,8,13174
2207,6,7,6,7,19265
2208,6,8,6,7,8449
2209,4,7,4,7,10712
2210,4,6,5,7,20818
2211,6,7,6,7,11466
2212,5,7,5,6,10469
2213,7,8,8,7,14117
2214,9,8,9,6,2547
2216,5,7,2,7,19917
2217,7,8,4,8,18558
2218,5,7,3,8,11299
2219,7,8,6,8,9378
2220,4,7,2,8,21874
2221,9,9,9,9,10727
2222,6,8,4,8,8692
2223,9,9,8,9,14070
2224,9,9,9,8,9705
2225,10,10,10,10,3339
2226,10,10,10,9,7999
2227,10,10,10,9,9592
2228,8,9,7,8,12426
2229,9,9,9,9,19061
2230,10,10,9,9,20148
2231,8,8,10,5,1390
2232,9,9,9,9,22142
2233,10,9,10,8,18819
2234,10,10,10,9,19530
2250,6,6,6,7,44654
2251,8,8,8,7,21698
2256,3,4,2,5,11135
2257,4,5,4,5,20111
2258,8,8,8,7,3303
2259,4,4,6,3,38067
2260,9,9,10,9,15033
2261,4,4,4,4,35127
2262,2,2,3,1,13177
2263,2,1,2,1,16590
2264,4,4,5,4,9680
2265,6,6,6,7,3791
2267,5,5,5,6,1941
2278,6,4,8,1,1619
2280,6,6,6,5,17581
2281,5,4,5,4,9845
2282,8,8,8,7,9685
2283,4,4,4,4,15722
2284,3,3,3,3,6983
2285,6,5,7,4,19537
2286,4,3,5,1,2527
2287,5,5,5,5,22923
2289,8,8,7,8,12312
2290,6,6,6,6,21952
2291,9,9,8,10,8659
2292,5,5,2,7,1613
2293,7,8,2,9,1734
2294,5,6,2,8,1338
2295,4,5,5,5,5027
2296,5,6,1,9,1254
2297,4,6,2,8,1114
2298,4,4,1,6,6192
2299,3,4,1,6,6797
2300,8,9,2,10,7315
2302,5,7,1,9,402
2303,4,6,2,8,6082
2304,3,4,1,6,10328
2305,8,8,6,9,8050
2306,1,1,1,1,2105
2307,2,2,1,3,2423
2311,3,3,6,4,610
2312,2,2,5,1,946
2315,6,5,5,6,10281
2316,5,5,6,4,3812
2317,5,4,4,4,4375
2318,7,7,9,5,7591
2319,3,2,3,1,4595
2320,5,5,6,3,21307
2321,7,6,8,4,9116
2322,4,3,5,1,11678
2323,4,4,4,4,16399
2324,2,2,3,1,15616
2325,2,1,2,1,18166
2326,1,1,3,1,4632
2327,1,1,1,1,5004
2328,3,3,5,1,1586
2329,2,2,3,2,1415
2330,5,4,6,2,12578
2331,9,8,9,6,68
2333,2,2,3,1,8374
2334,3,2,5,1,1675
2335,7,6,9,4,3798
2336,4,3,6,1,1663
2337,5,5,7,4,5102
2338,2,2,3,3,986
2339,4,4,7,4,455
2340,4,4,4,4,30712
2341,1,1,1,1,1085
2342,6,6,8,6,314
2343,2,2,3,3,3299
2344,8,7,9,6,506
2345,5,4,8,3,489
2346,1,1,2,2,2145
2347,1,1,2,3,1385
2350,5,6,3,8,15222
2352,5,4,6,3,1758
2353,4,3,6,2,792
2354,5,5,6,6,2472
2355,2,3,4,3,461
2356,1,1,1,1,94
2357,2,2,2,4,2792
2358,4,4,4,5,2527
2359,1,1,2,2,505
2360,2,2,2,2,9196
2361,1,1,2,2,624
2365,3,3,5,4,2400
2369,1,1,1,1,616
2370,2,2,2,3,5124
2371,1,1,2,3,872
2372,2,2,2,3,3325
2379,6,7,8,8,212
2380,3,3,4,2,6669
2381,2,3,5,3,786
2382,2,2,3,2,856
2386,5,6,6,6,223
2387,4,6,5,7,117
2388,2,2,2,3,1696
2390,4,4,4,3,5629
2395,1,1,1,2,466
2396,1,1,1,2,609
2397,5,5,5,6,231
2398,6,6,7,7,148
2399,4,4,7,4,387
2400,2,2,2,3,6288
2401,6,6,8,7,215
2402,2,2,3,3,1171
2403,2,2,5,4,449
2404,2,2,2,4,1339
2405,6,7,8,7,322
2406,2,3,2,5,489
2408,7,7,7,8,224
2409,1,1,1,1,571
2410,2,3,3,4,169
2411,8,8,7,7,66
2415,4,4,6,4,263
2420,3,3,4,4,2754
2421,8,8,10,6,1164
2422,2,2,3,3,3746
2423,2,1,3,2,2133
2424,1,1,2,1,287
2425,3,3,6,3,1203
2426,1,1,2,1,483
2427,2,2,3,2,2394
2428,2,2,2,2,17446
2429,2,2,3,2,6706
2430,2,2,2,2,23095
2431,3,2,3,2,3786
2439,5,4,7,3,2023
2440,1,1,1,1,14518
2441,3,3,4,3,2975
2443,2,1,2,2,6785
2444,5,5,4,6,31944
2445,7,6,7,6,4364
2446,3,3,5,3,8725
2447,2,2,3,2,4860
2448,1,1,1,2,6512
2449,1,1,1,2,1455
2450,4,4,4,5,29011
2452,3,2,2,3,9919
2453,3,3,3,4,1953
2454,4,5,4,7,5080
2455,2,2,2,3,2193
2456,4,4,5,4,9894
2460,2,1,2,2,19521
2462,2,1,2,1,1693
2463,3,3,4,3,5350
2464,4,4,3,5,4997
2465,3,2,2,3,211
2466,1,1,1,1,1361
2469,1,1,2,2,2912
2470,1,1,2,1,9809
2471,2,2,4,2,1656
2472,2,2,3,2,1240
2473,2,2,2,4,2208
2474,2,2,2,3,4421
2475,1,1,1,3,276
2476,1,2,2,3,559
2477,6,6,6,6,8315
2478,6,6,5,6,19892
2479,8,9,9,9,3237
2480,3,3,3,5,29505
2481,7,8,5,9,8228
2482,4,5,3,7,4325
2483,4,5,4,7,7290
2484,3,3,4,4,12832
2485,2,2,1,3,10818
2486,4,4,5,3,21969
2487,6,7,6,7,9056
2488,5,5,4,5,2125
2489,6,6,7,6,4850
2490,6,6,8,6,445
2500,5,7,1,9,25475
2502,1,1,1,1,8196
2505,1,1,1,1,3455
2506,1,1,1,1,4990
2508,10,9,10,8,5558
2515,10,10,10,10,7130
2516,8,9,9,9,3741
2517,7,7,7,8,8981
2518,3,4,2,5,12754
2519,6,7,4,7,11140
2522,5,8,1,9,26
2525,8,8,8,8,7510
2526,6,7,7,6,10094
2527,5,5,7,2,13311
2528,1,1,2,1,15872
2529,7,7,8,5,16509
2530,5,4,6,3,20591
2533,9,9,9,8,10538
2534,9,9,9,9,3760
2535,8,7,7,8,5385
2536,3,3,3,3,12435
2537,5,4,4,5,8346
2538,8,7,8,7,1710
2539,4,3,4,3,12680
2540,4,4,5,4,30555
2541,1,1,2,2,16715
2545,3,3,4,4,761
2546,3,3,3,4,6737
2548,6,5,4,5,5488
2549,5,5,6,5,2606
2550,4,4,5,4,10563
2551,2,1,2,1,2433
2555,2,3,5,3,138
2556,6,6,10,3,1581
2557,8,9,10,6,5527
2558,5,5,7,3,6901
2559,1,1,1,1,1425
2560,3,3,4,3,47557
2563,5,5,5,3,200
2564,1,1,1,1,8595
2565,5,6,6,5,12798
2566,4,4,6,3,16358
2567,9,9,10,6,22631
2568,10,9,10,8,820
2569,9,9,10,7,891
2570,9,9,10,7,25175
2571,9,9,10,7,7225
2572,7,7,9,5,2906
2573,4,4,6,2,3178
2574,6,6,9,4,3679
2575,7,6,8,6,10097
2576,9,9,9,9,9538
2577,7,7,8,7,10269
2578,8,7,7,8,1970
2579,6,6,8,6,2729
2580,4,4,4,4,19419
2581,8,8,9,8,1372
2582,8,9,10,8,7989
2583,5,5,6,5,3066
2584,5,5,7,7,379
2585,4,5,4,7,146
2586,4,4,5,5,1789
2587,3,3,4,4,2017
2588,5,6,6,8,178
2590,2,2,3,3,4848
2594,3,2,3,2,7303
2600,10,10,9,10,4951
2601,10,10,2,10,2475
2602,9,10,5,10,19783
2603,10,10,8,10,6301
2604,10,10,5,10,7331
2605,10,10,9,10,7716
2606,9,9,4,10,6556
2607,10,10,9,10,8907
2609,2,2,1,2,647
2611,10,10,9,10,18362
2612,10,10,3,10,10140
2614,9,9,7,10,12661
2615,8,9,8,9,27890
2617,9,9,6,10,20341
2618,10,10,10,9,915
2619,10,10,10,10,5555
2620,8,8,7,7,25835
2621,10,10,10,9,3795
2622,6,6,7,8,2685
2623,5,5,5,5,395
2625,10,9,4,9,278
2626,8,8,10,7,324
2627,9,8,7,7,2852
2628,6,5,6,6,1269
2629,5,5,6,6,394
2630,5,4,4,5,5892
2631,4,4,5,5,382
2632,3,3,4,3,1249
2633,1,2,2,3,280
2640,6,6,4,6,22710
2641,1,1,1,1,9790
2642,7,6,8,6,3005
2643,4,3,4,2,1842
2644,4,4,5,5,1576
2645,2,2,3,3,267
2646,3,3,3,2,4528
2647,4,4,4,3,1497
2648,2,2,2,2,1685
2649,6,6,8,6,24
2650,5,5,5,5,34796
2651,6,4,4,3,1233
2652,6,5,8,5,2867
2653,3,3,4,2,1720
2655,6,5,7,5,884
2656,4,4,5,6,852
2658,2,3,3,5,915
2659,4,4,5,3,546
2660,3,3,4,4,982
2661,10,10,9,9,238
2663,2,2,3,1,3464
2665,4,4,6,6,1466
2666,3,3,4,3,3748
2668,1,2,4,3,288
2669,5,6,8,7,1079
2671,4,4,5,3,2663
2672,2,2,2,3,971
2675,3,4,3,3,1007
2680,3,3,4,2,15092
2681,5,4,5,2,1085
2700,2,2,2,2,3205
2701,5,5,7,6,1481
2702,3,3,4,2,516
2703,2,2,2,2,428
2705,3,3,4,2,6484
2706,1,1,2,1,760
2707,5,5,5,6,809
2710,3,3,3,4,6763
2711,3,3,3,3,2156
2712,2,2,3,3,943
2713,3,3,3,4,1867
2714,3,3,3,4,1897
2715,2,2,2,2,981
2716,4,4,4,5,751
2717,1,1,2,1,863
2720,3,3,3,3,5257
2721,6,7,9,8,158
2722,3,2,4,2,2065
2725,2,2,5,4,249
2726,7,6,9,6,144
2727,7,7,8,6,210
2729,4,4,6,3,1100
2730,1,1,2,1,995
2731,6,5,6,5,4264
2732,4,4,4,5,1267
2733,2,3,3,3,382
2734,9,8,9,8,273
2735,4,3,5,3,276
2736,5,5,5,7,248
2737,4,4,5,3,511
2738,8,7,8,7,1021
2739,5,4,5,5,861
2745,9,9,10,7,17691
2747,5,5,6,3,26418
2748,8,8,10,6,1209
2749,6,6,8,4,10173
2750,5,5,5,5,29594
2752,8,7,10,3,3006
2753,6,6,8,5,11030
2754,7,6,7,5,3654
2755,6,6,2,8,117
2756,7,7,9,4,21148
2757,9,8,10,7,537
2758,10,9,10,8,5647
2759,7,7,9,3,16426
2760,2,2,2,1,20895
2761,6,6,8,4,18238
2762,9,9,10,7,3047
2763,8,9,9,7,19102
2765,6,7,8,4,10492
2766,5,5,6,3,9865
2767,4,6,6,4,14119
2768,10,10,10,9,17623
2769,10,10,10,10,7038
2770,1,1,1,1,35442
2773,10,10,10,10,3849
2774,9,9,9,9,8349
2775,5,5,6,6,1114
2776,9,9,9,9,2579
2777,9,9,9,9,11602
2778,9,9,9,9,1626
2779,8,8,7,8,3142
2780,5,6,3,8,9317
2782,8,8,7,9,4313
2783,6,6,5,8,1749
2784,8,8,8,8,827
2785,6,7,5,9,3273
2786,5,5,4,7,876
2787,3,3,5,2,2945
2790,2,2,2,1,10755
2791,5,4,7,4,246
2792,5,5,7,5,282
2793,1,2,4,2,685
2794,2,2,2,2,6949
2795,5,5,5,5,26226
2797,3,3,5,2,272
2798,9,9,10,8,1284
2799,3,3,4,2,2619
2800,5,5,5,5,28010
2803,5,5,8,6,201
2804,3,3,4,5,1760
2805,2,2,5,2,286
2806,3,3,5,3,540
2807,1,1,2,1,310
2808,3,2,4,3,142
2809,5,6,7,8,158
2810,3,3,4,5,2199
2817,6,7,9,8,209
2818,6,6,8,5,538
2820,1,1,2,3,4802
2821,2,2,3,3,2973
2822,4,4,7,5,292
2823,2,3,3,4,936
2824,2,2,2,3,1421
2825,3,3,2,3,1462
2826,9,9,10,9,128
2827,1,1,2,2,2427
2828,1,1,2,3,543
2829,1,1,1,3,2004
2830,4,4,5,4,24850
2831,5,6,8,6,1244
2832,1,1,1,4,1537
2833,1,1,1,3,400
2834,1,1,1,1,1630
2835,4,4,4,2,2591
2836,1,1,1,4,499
2838,1,1,1,1,152
2839,1,1,1,4,780
2840,2,3,1,6,1623
2842,1,1,3,3,434
2843,3,3,4,4,815
2844,2,3,3,4,966
2845,2,2,3,1,1249
2846,3,3,4,5,199
2847,2,1,3,1,1636
2848,1,1,1,1,1170
2849,3,3,4,5,1115
2850,4,4,5,3,11396
2852,3,2,4,1,2257
2864,7,7,9,7,514
2865,3,3,5,2,590
2866,6,5,6,6,1928
2867,3,4,7,5,414
2868,2,2,2,3,436
2869,1,1,2,3,989
2870,3,3,3,3,7442
2871,3,3,3,4,5984
2873,5,5,5,7,405
2874,4,5,7,7,304
2875,3,4,5,6,641
2876,5,5,7,7,264
2877,1,2,2,2,2405
2878,3,3,4,4,256
2879,1,1,1,2,415
2880,1,1,1,2,12157
2898,9,8,6,7,235
2899,6,5,5,6,1247
2900,9,9,3,10,1385
2902,8,9,8,9,9601
2903,9,9,8,9,5988
2904,10,10,10,9,8425
2905,8,8,8,8,17838
2906,9,9,9,8,10683
2911,10,10,10,10,2780
2912,9,10,6,9,3715
2913,10,10,9,9,21565
2914,10,10,10,10,14393
3000,4,8,1,10,20482
3002,10,10,5,10,3991
3003,9,10,1,10,3875
3004,10,10,2,10,7277
3005,9,10,1,10,389
3006,9,10,1,10,13235
3008,9,10,1,10,7464
3011,5,7,1,9,15057
3012,5,7,2,8,17955
3013,9,9,7,9,10264
3015,9,9,8,9,11657
3016,9,10,8,10,10140
3018,8,8,5,8,9023
3019,1,1,1,2,5815
3020,1,2,1,1,29820
3021,1,1,1,1,35598
3022,1,2,1,2,2099
3023,5,6,7,5,39056
3024,5,5,6,4,14039
3025,3,4,2,4,8320
3026,1,1,1,1,60
3027,9,10,10,9,4133
3028,4,4,3,4,19637
3029,6,6,6,5,56908
3030,7,7,7,6,61956
3031,4,7,1,9,12703
3032,7,9,4,9,19799
3033,7,7,7,7,10029
3034,6,6,6,6,8356
3036,9,9,9,8,3901
3037,6,6,8,4,31000
3038,7,7,8,5,18036
3039,9,9,6,10,9766
3040,10,9,7,9,17266
3041,10,9,9,9,8104
3042,7,7,6,7,10941
3043,5,5,5,4,12292
3044,8,8,5,8,18273
3045,9,9,9,8,72
3046,4,5,2,6,23150
3047,1,1,1,1,12574
3048,1,1,1,1,10650
3049,6,6,7,4,6134
3050,9,10,2,10,82
3051,4,8,1,10,8920
3052,9,10,1,10,3570
3053,2,7,1,10,8518
3054,10,10,3,10,5930
3055,7,9,2,9,9950
3056,8,9,2,10,17464
3057,9,10,2,10,8430
3058,7,8,4,9,23220
3059,9,8,10,7,9587
3060,2,2,2,3,9049
3061,1,1,1,1,3239
3063,9,9,10,7,376
3064,3,4,6,3,43612
3065,3,7,1,9,7627
3066,2,6,1,9,6253
3067,9,10,2,10,6245
3068,9,10,4,10,13424
3070,9,10,5,10,17114
3071,8,9,3,9,13051
3072,5,7,2,8,22651
3073,3,4,2,6,35370
3074,1,1,2,1,14228
3075,1,2,3,1,15191
3076,4,5,5,4,20557
3078,10,10,6,10,7879
3079,10,10,8,10,10711
3081,2,3,1,6,8960
3082,6,6,7,5,19563
3083,6,7,4,7,20328
3084,10,9,8,10,17104
3085,9,9,7,9,9124
3087,8,7,7,8,6112
3088,9,9,8,9,17924
3089,10,9,10,8,7225
3090,10,10,10,8,1427
3091,10,10,10,8,988
3093,10,10,10,9,2650
3094,10,9,8,9,5963
3095,10,10,10,9,17623
3096,10,9,10,8,1233
3097,10,10,10,10,880
3099,10,9,10,9,3088
3101,10,10,9,10,16147
3102,10,10,9,10,4200
3103,9,10,8,10,10024
3104,10,10,9,10,12723
3105,8,9,8,8,7704
3106,10,10,10,9,11454
3107,9,9,9,9,9430
3108,8,9,6,9,14730
3109,8,9,8,9,19252
3111,10,10,10,9,8309
3113,10,10,10,10,5223
3114,10,10,10,10,2261
3115,10,10,10,9,2309
3116,9,8,9,7,6372
3121,8,9,2,10,22722
3122,10,10,4,10,15309
3123,10,10,6,10,9482
3124,10,10,9,10,14266
3125,6,8,2,9,8803
3126,10,10,10,10,5166
3127,10,10,9,10,11734
3128,7,8,2,9,12806
3129,8,9,6,9,11452
3130,9,9,7,9,21292
3131,8,8,6,9,15368
3132,9,9,7,9,10922
3133,9,9,9,9,14742
3134,8,8,8,8,21550
3135,8,8,7,9,13264
3136,8,8,7,8,29459
3137,7,6,7,6,9087
3138,8,7,8,6,14010
3139,7,6,9,5,8640
3140,7,7,8,6,10637
3141,9,10,1,10,18385
3142,10,10,8,10,9193
3143,10,10,5,10,6334
3144,10,10,9,10,7280
3145,10,10,7,10,14432
3146,10,10,9,10,16271
3147,8,9,7,10,9541
3148,7,8,3,9,5838
3149,9,9,8,9,22261
3150,9,9,8,9,40040
3151,7,8,6,8,6953
3152,9,9,8,8,22588
3153,6,6,5,6,14039
3154,9,8,9,7,2880
3155,6,6,5,6,15277
3156,8,8,8,7,24633
3158,9,9,9,8,4268
3159,9,9,10,9,1678
3160,9,9,9,9,5829
3161,10,10,7,10,10320
3162,10,10,8,10,11805
3163,9,9,4,10,22067
3165,9,9,8,9,18051
3166,8,8,5,9,15734
3167,7,8,7,7,6396
3168,5,8,1,9,11491
3169,4,5,3,5,13902
3170,8,8,8,8,13240
3171,1,1,1,1,14337
3172,3,4,5,3,15150
3173,5,6,8,4,16613
3174,1,2,1,2,25919
3175,1,1,1,1,34979
3177,1,1,1,1,7325
3178,9,9,10,8,21454
3179,8,8,8,7,3916
3180,8,8,7,7,4922
3181,9,10,2,10,15411
3182,9,9,1,10,18197
3183,9,10,3,10,12868
3184,10,10,4,10,11427
3185,10,10,6,10,8727
3186,10,10,10,10,15432
3187,10,10,10,10,10488
3188,9,10,9,10,11673
3189,8,8,6,9,3985
3190,9,9,7,9,7051
3191,10,10,9,10,6912
3192,8,9,7,9,15203
3193,10,10,10,10,12797
3194,9,9,6,9,8962
3195,9,9,9,9,23305
3196,8,8,6,8,17633
3197,8,8,7,8,7917
3198,5,5,3,6,11556
3199,5,6,4,6,36489
3200,1,1,1,1,3849
3201,4,4,4,3,13364
3202,9,9,9,8,1846
3204,9,10,7,10,19672
3205,7,9,2,10,8089
3206,10,10,8,10,7229
3207,9,10,6,10,12151
3211,8,8,9,5,833
3212,7,6,8,5,10700
3213,7,7,9,5,2473
3214,1,1,1,1,14806
3215,4,4,3,4,14109
3216,8,7,6,8,35654
3217,10,9,10,9,3960
3218,6,7,2,8,8919
3219,2,2,2,2,13336
3220,9,9,6,9,10688
3221,10,10,10,9,463
3222,7,6,7,6,9950
3223,4,4,3,4,5419
3224,7,6,7,5,9190
3225,9,9,7,10,2828
3226,9,8,8,8,9048
3227,10,9,9,10,2978
3228,10,9,9,9,11082
3230,9,8,7,9,1735
3231,9,9,8,10,811
3232,9,8,6,8,748
3233,6,5,4,6,1338
3234,10,8,8,9,119
3235,9,9,9,10,239
3236,4,4,3,8,168
3237,4,4,5,7,153
3238,5,5,6,7,154
3239,4,4,5,7,292
3240,10,9,10,8,1271
3241,4,4,5,4,1732
3242,8,7,8,8,576
3243,8,8,9,9,246
3249,6,6,8,6,2093
3250,2,2,2,1,7930
3251,3,3,6,2,356
3254,3,2,5,2,176
3260,4,4,4,5,3219
3264,3,2,3,3,1475
3265,7,7,9,7,1643
3266,4,4,6,4,1985
3267,5,6,9,6,156
3268,6,6,8,6,1634
3269,7,7,8,8,433
3270,7,7,6,8,154
3271,7,8,7,9,117
3272,2,3,3,4,1036
3273,7,8,9,9,99
3274,7,8,9,9,158
3275,8,7,10,4,245
3276,5,6,8,6,319
3277,7,6,8,5,1177
3278,7,7,9,5,193
3279,7,7,9,6,161
3280,4,4,3,4,20208
3281,9,8,10,7,1012
3282,6,5,6,5,1524
3283,8,7,9,7,837
3284,7,7,6,8,2341
3285,7,7,8,7,818
3286,4,5,5,6,397
3287,7,7,9,6,269
3289,6,6,6,7,517
3292,6,6,5,7,127
3293,4,5,6,7,218
3294,8,8,7,9,628
3300,4,4,3,4,6577
3301,9,8,9,8,775
3302,6,6,7,6,243
3303,4,4,6,5,219
3304,2,2,3,2,1873
3305,3,2,3,2,8438
3309,3,4,6,8,86
3310,3,3,5,2,210
3311,2,2,2,2,1230
3312,7,6,8,7,702
3314,8,8,9,10,333
3315,4,4,4,5,1153
3317,4,6,6,8,138
3318,4,4,4,6,840
3319,4,4,6,5,261
3321,10,9,10,7,966
3322,5,5,7,5,124
3323,7,7,7,9,73
3324,2,2,3,4,374
3325,2,3,3,6,332
3328,8,7,9,6,1114
3329,6,7,7,8,177
3330,4,3,5,4,140
3331,9,7,9,6,3604
3332,6,5,8,4,617
3333,4,4,5,4,544
3334,3,4,5,5,388
3335,7,7,9,5,3790
3337,3,3,4,2,22286
3338,3,3,4,2,14449
3340,6,6,7,5,13448
3341,8,7,9,5,1062
3342,5,5,6,6,2321
3345,7,7,8,6,781
3350,6,6,3,7,36986
3351,6,5,8,4,5214
3352,8,7,9,6,10184
3355,1,1,1,1,8410
3356,1,1,1,1,10218
3357,9,8,8,9,2280
3360,3,2,3,3,572
3361,3,3,4,5,460
3363,4,4,4,5,2398
3364,8,7,8,8,1480
3370,2,2,3,5,1251
3371,1,1,2,1,727
3373,3,3,3,4,1607
3374,7,6,7,7,284
3375,7,7,7,8,140
3377,2,2,2,2,6523
3378,8,9,9,10,95
3379,4,5,6,7,568
3380,2,1,2,1,4143
3381,7,7,6,8,841
3384,4,4,6,5,397
3385,6,6,7,6,386
3387,6,7,8,8,221
3388,4,4,4,7,378
3390,2,3,2,4,618
3391,6,6,6,8,107
3392,2,2,3,5,402
3393,2,2,2,3,1833
3395,4,4,4,6,254
3396,3,3,3,4,527
3400,3,3,2,4,9343
3401,8,8,9,7,2751
3407,7,7,8,8,296
3409,6,6,6,7,652
3412,2,2,3,4,204
3413,9,8,9,9,142
3414,2,2,2,4,1288
3415,8,8,9,8,20
3418,4,4,5,4,1896
3419,5,5,5,6,530
3420,7,7,7,8,176
3423,1,1,1,1,345
3424,4,4,4,6,519
3427,6,6,7,4,1872
3428,8,7,10,5,478
3429,7,7,8,5,23036
3430,7,7,10,5,214
3431,10,9,10,8,2487
3432,7,7,9,5,130
3433,9,9,10,6,129
3434,8,7,9,6,3223
3435,8,7,8,7,1894
3437,10,9,10,8,6526
3438,10,9,10,9,1436
3440,10,10,10,10,1281
3441,10,10,10,10,897
3442,9,9,9,9,4854
3444,6,6,7,7,6292
3446,7,6,7,7,685
3447,7,6,7,8,312
3448,7,7,8,7,633
3450,4,5,2,8,4882
3451,6,5,6,7,3959
3453,8,7,8,8,1135
3458,8,7,7,8,1384
3460,4,5,3,8,1848
3461,6,6,6,8,2908
3462,5,4,5,6,820
3463,5,5,5,7,1880
3464,4,2,4,2,711
3465,1,1,1,1,6803
3467,1,1,2,3,858
3468,2,2,4,4,197
3469,4,4,4,8,214
3472,1,1,1,1,1099
3475,1,1,2,4,267
3477,5,5,6,7,608
3478,2,2,2,2,1793
3480,4,4,3,4,1266
3482,7,7,5,8,116
3483,6,5,3,7,600
3485,3,3,4,5,212
3487,4,4,5,7,59
3488,4,5,5,7,74
3489,5,5,6,7,40
3490,3,3,3,4,905
3491,5,5,6,7,88
3494,1,2,1,1,438
3496,2,2,3,2,4022
3498,6,5,7,4,3391
3500,2,2,1,2,20991
3501,8,7,9,6,1198
3505,3,2,4,2,3085
3506,9,8,10,9,23
3507,7,7,8,9,105
3509,7,7,7,7,170
3512,6,6,7,6,258
3515,8,6,8,5,1188
3516,5,5,6,5,461
3517,2,2,3,2,1006
3518,1,1,2,3,914
3520,1,1,1,3,143
3521,6,4,8,3,409
3522,7,6,8,7,225
3523,2,2,3,2,2706
3525,3,3,3,4,950
3527,3,2,2,4,600
3529,6,7,6,8,65
3530,6,7,6,8,87
3531,6,7,5,8,116
3533,2,2,2,3,547
3537,4,4,4,6,725
3540,2,2,2,4,213
3542,7,7,8,7,112
3544,5,5,5,7,153
3546,4,5,4,7,275
3549,1,1,1,2,2270
3550,4,4,2,6,25681
3551,9,8,9,7,17861
3555,3,2,2,3,13000
3556,1,1,2,1,8265
3557,6,5,8,5,491
3558,2,2,3,4,637
3559,6,6,7,7,370
3561,4,3,4,3,2883
3562,8,7,9,3,178
3563,3,2,5,2,516
3564,4,4,5,3,10343
3565,8,7,8,6,75
3566,3,3,5,4,366
3567,3,3,4,3,450
3568,4,3,4,4,2054
3570,4,4,7,4,508
3571,6,6,7,8,206
3572,6,7,7,8,93
3573,5,5,6,8,217
3575,2,3,3,5,553
3576,7,7,9,9,49
3579,3,3,3,3,3639
3580,2,1,3,1,702
3581,8,7,8,6,108
3583,5,4,7,5,119
3584,5,4,5,4,750
3585,3,3,2,4,7125
3586,8,6,9,4,510
3588,3,2,5,1,234
3589,7,6,8,6,229
3590,7,6,8,4,209
3591,8,8,8,8,109
3594,2,2,2,2,360
3595,1,1,1,1,450
3596,3,3,4,2,54
3597,5,5,5,5,298
3599,4,4,2,5,100
3607,7,7,8,8,82
3608,4,4,4,4,1708
3610,4,4,5,5,1245
3612,1,1,2,2,1272
3614,8,7,8,6,550
3616,4,4,4,4,3480
3617,6,6,8,6,114
3618,3,2,4,2,448
3620,4,3,4,3,5463
3621,3,3,5,2,1493
3622,6,5,8,5,303
3623,2,2,4,3,644
3624,2,2,4,3,363
3629,2,1,1,2,5928
3630,1,2,1,2,19647
3631,8,8,9,7,7178
3633,7,6,8,5,363
3634,7,7,9,6,1168
3635,4,4,7,3,355
3636,2,2,3,3,3469
3637,6,6,8,5,371
3638,3,3,3,4,1356
3639,2,2,3,3,396
3640,5,5,7,6,623
3641,3,3,6,1,789
3644,2,2,3,2,5983
3646,5,5,7,7,368
3647,9,9,9,9,9
3649,3,3,5,3,286
3658,4,3,6,2,4012
3659,7,7,7,7,509
3660,2,2,2,2,5111
3662,10,10,7,9,515
3663,7,8,9,8,113
3664,6,6,6,5,715
3665,7,7,8,7,250
3666,3,3,3,5,3344
3669,4,4,4,7,981
3670,5,4,7,6,414
3672,2,2,2,3,7059
3673,7,7,9,8,1189
3675,7,6,8,7,1210
3677,3,3,2,4,12006
3678,8,8,9,8,4266
3682,6,6,8,6,384
3683,5,4,6,3,1201
3685,4,4,4,5,1882
3687,4,3,5,2,701
3688,8,7,9,5,799
3690,3,3,2,4,20701
3691,9,8,9,8,5828
3694,9,8,8,8,23
3695,8,8,9,7,291
3697,7,6,7,8,390
3698,9,8,7,9,598
3699,3,3,1,5,742
3700,5,4,4,5,874
3701,6,6,7,7,750
3704,6,6,8,7,14
3705,6,6,8,7,173
3707,3,3,3,4,1223
3708,6,6,8,7,40
3709,5,6,6,9,232
3711,6,5,7,4,328
3712,4,4,4,5,261
3713,2,2,2,2,767
3714,5,4,4,5,2456
3715,6,6,7,8,208
3717,5,5,5,6,1858
3718,8,8,8,8,53
3719,6,7,8,8,279
3720,4,3,5,4,381
3722,7,5,6,6,3230
3723,7,6,6,7,1912
3725,6,6,7,7,416
3726,6,6,6,8,280
3727,6,6,7,6,213
3728,2,1,3,1,423
3730,4,3,4,3,5830
3732,5,5,6,7,393
3733,6,6,7,6,152
3735,6,6,7,7,415
3737,3,3,3,3,2981
3738,4,4,4,6,138
3739,4,4,4,6,138
3740,7,6,6,7,720
3741,6,6,3,7,2068
3744,7,6,7,6,302
3746,6,5,7,6,261
3747,7,7,6,9,3217
3749,9,8,8,8,1273
3750,7,7,9,7,5547
3751,4,4,7,2,201
3752,8,7,9,6,14723
3753,8,7,10,6,1425
3754,8,8,9,7,22321
3755,8,7,8,6,182
3756,7,6,8,4,7269
3757,7,6,8,6,5668
3758,9,7,10,5,1362
3759,10,9,10,9,687
3760,10,9,10,8,245
3761,10,9,10,9,755
3762,10,9,10,7,86
3763,6,6,8,6,1003
3764,6,6,7,5,5725
3765,9,8,9,7,4424
3766,10,9,9,9,815
3767,9,9,10,9,850
3770,9,8,9,6,2075
3775,9,8,9,7,2512
3777,6,5,7,6,7197
3778,6,5,8,4,133
3779,7,5,5,5,292
3781,7,6,8,5,2783
3782,9,8,10,7,5026
3783,9,8,9,7,1459
3785,10,10,9,10,62
3786,10,10,10,10,1013
3787,10,10,10,10,676
3788,9,9,9,10,1192
3789,10,10,9,10,183
3791,10,10,10,10,973
3792,9,9,10,9,702
3793,8,7,8,7,2315
3795,9,8,10,7,784
3796,8,7,9,7,6027
3797,5,4,6,3,2319
3799,2,2,3,3,3857
3802,6,6,7,6,16029
3803,3,3,4,2,6983
3804,10,9,10,7,5044
3805,6,6,8,4,34025
3806,9,8,9,8,29633
3807,9,9,10,7,4264
3808,10,10,10,8,1876
3809,9,8,9,8,4327
3810,5,5,6,4,28697
3812,8,8,10,5,1469
3813,8,7,9,5,577
3814,8,7,9,4,1434
3815,7,6,9,5,1927
3816,4,3,6,3,1737
3818,5,4,6,4,9177
3820,5,5,5,6,10253
3821,8,8,9,7,1863
3822,7,7,9,6,607
3823,6,5,7,5,1254
3824,6,5,6,5,3241
3825,1,1,1,1,13429
3831,7,7,7,7,1154
3832,7,7,7,8,177
3833,4,3,5,4,213
3835,5,5,5,6,303
3840,1,1,1,1,11000
3842,1,1,1,2,2959
3844,5,4,4,4,18343
3847,4,4,5,3,1499
3850,4,4,3,5,9352
3851,4,4,7,4,4028
3852,8,9,5,10,46
3854,8,7,9,4,846
3856,6,5,8,2,628
3857,7,6,8,5,252
3858,3,3,4,2,1940
3859,7,6,8,5,521
3860,4,4,5,4,4643
3862,6,5,7,4,2037
3864,5,5,8,6,141
3865,5,3,6,2,310
3869,6,5,7,5,1014
3870,5,5,6,5,865
3871,6,5,6,7,1939
3873,7,6,8,5,209
3874,3,2,4,3,388
3875,4,3,4,3,12246
3878,5,5,6,5,782
3880,4,4,3,5,2944
3882,5,4,7,3,754
3885,4,3,5,5,1276
3886,3,4,5,3,246
3887,1,2,2,3,247
3888,2,2,2,3,2330
3889,2,3,2,5,124
3890,1,1,1,2,222
3891,7,7,4,9,74
3892,3,3,2,5,783
3893,4,5,5,8,21
3895,4,5,5,7,141
3896,4,4,3,7,264
3898,5,5,5,6,511
3900,3,4,4,6,94
3902,3,2,6,2,278
3903,4,4,4,5,535
3904,7,6,5,7,1019
3909,2,2,2,3,5431
3910,8,7,8,5,14331
3911,7,6,9,5,2217
3912,7,6,8,5,9707
3913,8,7,9,6,2168
3915,2,2,2,2,6508
3916,10,10,10,10,646
3918,8,7,9,5,2422
3919,4,3,4,2,2073
3920,10,10,6,9,311
3921,3,4,2,9,76
3922,4,4,4,5,5240
3923,7,5,6,5,378
3925,7,6,5,7,2212
3926,9,9,9,9,2146
3927,9,9,9,9,1096
3928,10,10,10,10,272
3929,10,10,9,10,602
3930,10,10,10,10,11234
3931,7,7,6,7,16528
3933,10,10,10,8,708
3934,10,9,10,9,11678
3936,6,6,6,6,7719
3937,9,9,10,9,1014
3938,8,7,7,7,1971
3939,4,3,4,4,10207
3940,2,1,1,2,3701
3941,5,5,5,6,8155
3942,8,8,7,9,1627
3943,9,9,7,9,1157
3944,10,10,9,10,318
3945,7,7,9,7,702
3946,7,7,9,7,142
3950,3,2,3,2,3145
3951,7,7,8,8,652
3953,5,5,6,5,5022
3954,9,8,10,8,265
3956,5,5,5,6,1994
3957,7,7,8,8,181
3958,8,8,9,8,175
3959,7,7,7,8,724
3960,5,4,4,6,1723
3962,3,2,3,3,652
3964,6,4,7,3,92
3965,2,2,3,1,164
3966,3,4,5,5,365
3967,3,4,5,5,83
3971,2,2,3,3,2853
3975,8,8,10,6,9126
3976,2,2,3,1,15329
3977,6,6,8,4,56618
3978,9,8,9,7,6431
3979,8,8,9,8,204
3980,7,5,8,3,2189
3981,5,4,8,2,3107
3984,2,2,3,2,3635
3987,6,4,8,2,986
3988,5,5,8,5,668
3990,4,4,6,3,71
3991,3,3,5,2,258
3992,5,4,5,4,652
3995,2,2,2,2,6912
3996,7,7,5,8,3780
4000,6,9,1,9,11094
4005,10,10,4,10,13569
4006,8,9,1,10,10351
4007,10,10,7,10,8802
4008,4,3,3,1,281
4010,9,9,3,9,1623
4011,9,10,7,10,10081
4012,9,9,5,9,14699
4013,7,8,4,8,3058
4014,8,8,7,8,7853
4017,7,7,7,7,24333
4018,6,6,4,7,8255
4019,3,3,2,4,14066
4020,4,5,3,6,15757
4021,2,2,2,2,6440
4022,3,3,3,2,4676
4025,6,6,6,7,268
4029,7,9,2,10,53
4030,9,9,5,10,10795
4031,9,9,6,9,8726
4032,6,7,2,8,10943
4034,7,7,6,7,29984
4035,10,10,10,9,15346
4036,7,6,7,4,4219
4037,10,10,10,9,4668
4051,9,10,7,10,16737
4053,9,9,7,9,28391
4054,7,8,6,8,8846
4055,10,9,10,9,12752
4059,8,9,2,10,7833
4060,10,10,10,10,7682
4061,10,10,10,10,10449
4064,10,10,7,10,6904
4065,10,10,10,10,5724
4066,10,10,4,10,10078
4067,8,10,1,10,5169
4068,9,10,4,10,14048
4069,10,10,10,10,20975
4070,10,10,10,10,7013
4073,10,10,10,10,5891
4074,10,9,9,9,15390
4075,9,9,8,9,14746
4076,3,3,2,4,5683
4077,1,1,1,1,18407
4078,6,6,6,6,15746
4101,8,9,1,10,14979
4102,6,8,1,10,4912
4103,8,9,2,10,9240
4104,9,9,5,10,4329
4105,8,8,4,9,8780
4106,3,4,1,5,1051
4107,7,8,5,8,4113
4108,4,5,1,6,3910
4109,5,7,4,7,24364
4110,2,3,2,3,6787
4111,9,8,5,8,588
4112,8,8,8,8,4777
4113,7,8,5,8,19326
4114,1,1,1,1,16792
4115,8,8,9,7,12175
4116,8,9,9,8,16212
4117,6,6,8,3,816
4118,5,4,6,2,18325
4119,8,8,8,8,3921
4120,9,9,3,10,6021
4121,9,9,8,9,15951
4122,8,8,5,8,27966
4123,9,8,8,8,11854
4124,6,6,9,3,11861
4125,6,5,8,2,4808
4127,4,5,4,5,16659
4128,9,8,9,6,10556
4129,7,6,7,3,3790
4130,9,9,10,7,5470
4131,1,1,1,1,6116
4132,1,1,2,1,13992
4133,3,3,4,2,10782
4151,10,10,6,10,10965
4152,9,9,9,9,28898
4153,10,9,10,9,2766
4154,10,10,10,9,6346
4155,10,10,10,8,897
4156,10,10,10,9,1871
4157,7,6,7,5,12380
4158,5,5,4,5,2531
4159,8,8,9,6,9448
4160,9,9,9,8,11628
4161,6,6,7,4,10437
4163,6,7,5,7,10384
4164,9,9,10,7,9114
4165,8,8,9,6,23461
4169,9,9,2,10,9842
4170,10,10,7,9,15796
4171,10,10,9,10,10123
4172,9,9,8,8,2751
4173,8,7,7,6,5448
4174,6,6,7,4,1534
4178,6,6,5,6,16656
4179,8,8,8,8,12428
4183,2,3,2,5,1428
4184,1,1,1,1,5286
4205,2,1,2,1,3835
4207,3,3,4,2,33897
4208,8,8,9,6,11759
4209,7,7,7,5,27592
4210,8,8,9,6,11975
4211,6,6,7,5,39017
4212,9,9,9,7,18976
4213,8,8,9,7,18418
4214,7,7,7,6,23958
4215,3,4,1,6,34102
4216,6,6,5,6,27102
4217,6,7,3,8,28902
4218,8,8,5,8,22365
4220,8,7,6,7,21687
4221,7,6,6,6,17951
4223,7,7,7,7,9236
4224,6,6,4,7,4508
4225,4,4,1,6,5839
4226,8,8,7,8,21439
4227,7,8,6,8,13200
4228,9,9,10,7,3434
4230,7,7,2,8,1249
4270,8,8,10,5,2579
4271,7,7,7,8,2026
4272,8,8,8,9,3334
4275,7,7,8,7,2234
4280,6,6,9,2,10031
4285,4,4,6,2,12752
4287,2,2,6,4,603
4300,6,6,6,5,31997
4301,2,2,2,1,15123
4303,1,1,1,1,2435
4304,2,1,1,1,10966
4305,2,2,2,2,38274
4306,7,7,9,6,22267
4307,5,5,8,3,1024
4309,5,4,7,3,2007
4310,4,4,6,3,3968
4311,1,1,4,1,6702
4312,2,2,3,3,1927
4313,2,2,3,2,1624
4340,3,3,5,3,3548
4341,2,2,5,1,9273
4342,2,2,4,1,1651
4343,2,2,3,2,7256
4344,4,4,6,4,1663
4346,5,4,6,3,574
4347,3,3,6,2,776
4350,5,5,3,5,67209
4352,9,8,10,7,17293
4353,5,5,7,6,182
4354,2,2,4,3,741
4355,2,2,3,3,1874
4356,5,5,6,3,3277
4357,2,2,4,1,1746
4358,6,6,8,5,1378
4359,6,6,7,5,775
4360,6,6,8,5,379
4361,3,3,5,4,1832
4362,4,3,5,4,1645
4363,6,5,8,3,381
4364,7,7,7,7,111
4365,1,1,3,1,360
4370,2,2,3,2,11781
4371,5,4,7,4,494
4372,5,3,9,1,113
4373,2,1,2,2,720
4374,4,4,6,5,262
4375,2,2,3,4,141
4376,2,2,2,2,212
4377,3,2,4,2,378
4378,4,3,6,4,341
4380,2,2,3,3,5378
4381,3,3,3,3,389
4382,6,6,6,7,353
4383,1,1,1,1,424
4384,5,5,7,7,32
4385,1,2,2,3,864
4387,1,2,3,1,875
4388,1,1,2,1,249
4390,6,5,5,4,4225
4400,5,3,7,1,1142
4401,2,2,3,1,3521
4402,1,1,3,1,213
4403,6,6,7,6,523
4404,7,7,8,7,338
4405,4,4,4,3,8488
4406,6,6,8,7,923
4407,2,3,5,3,359
4408,3,3,5,4,422
4410,2,2,3,2,777
4411,3,2,5,2,166
4412,6,7,8,7,116
4413,3,3,3,3,4813
4415,2,3,2,3,1246
4416,7,7,8,7,317
4417,2,3,4,4,440
4418,7,7,8,7,67
4419,6,6,7,6,661
4420,5,5,7,3,773
4421,1,1,1,1,1672
4422,6,6,7,7,313
4423,6,7,8,8,116
4424,6,6,7,7,141
4425,5,5,7,7,137
4426,4,5,8,5,89
4427,3,3,5,3,238
4428,5,5,7,4,427
4454,5,5,6,5,456
4455,6,6,6,5,5118
4461,9,9,10,10,49
4462,2,4,3,8,73
4465,3,3,4,3,793
4467,7,8,8,8,141
4468,2,3,5,5,190
4470,3,3,2,4,2161
4472,3,3,3,3,974
4474,6,6,8,7,67
4477,2,2,4,2,305
4478,3,4,4,4,308
4479,8,8,9,7,7
4480,3,3,3,4,477
4481,4,4,5,3,73
4482,6,5,2,4,66
4486,3,4,4,5,469
4487,4,4,4,4,1870
4488,4,5,5,6,183
4489,8,9,9,9,70
4490,1,1,1,4,881
4491,3,4,3,8,75
4492,6,5,4,3,196
4493,4,4,5,5,12
4494,8,8,7,8,88
4496,5,5,6,6,163
4497,6,7,8,6,208
4498,6,7,8,6,131
4500,7,7,8,6,25951
4501,3,3,2,3,3660
4502,7,6,7,5,5410
4503,6,5,5,4,26535
4504,8,8,9,6,10427
4505,6,5,8,3,12981
4506,3,3,4,1,12931
4507,2,2,3,3,14019
4508,1,1,2,1,12257
4509,8,8,8,7,17241
4510,1,1,2,1,30242
4511,4,3,6,2,6168
4512,8,7,10,4,2201
4514,4,4,7,2,5026
4515,2,2,4,1,2706
4516,7,7,10,3,2487
4517,5,5,7,4,506
4518,7,6,8,4,3337
4519,4,4,6,3,5463
4520,10,10,10,10,8229
4521,9,9,10,8,3105
4550,5,4,5,3,2767
4551,6,5,6,5,38090
4552,6,6,6,8,6157
4553,8,7,9,6,3704
4554,8,8,9,7,1255
4555,8,7,8,7,4483
4556,8,8,8,7,27754
4557,7,7,5,7,11937
4558,5,5,2,6,13749
4559,7,6,8,6,4088
4560,4,4,5,5,21356
4561,7,6,9,6,4665
4562,8,8,9,8,5284
4563,6,5,7,5,5751
4564,7,6,5,6,7129
4565,5,4,5,4,10225
4566,7,7,6,8,5936
4567,8,8,7,9,7687
4568,6,5,7,5,2381
4569,5,4,5,6,1096
4570,2,2,3,2,27971
4571,4,4,4,6,573
4572,8,8,4,8,2843
4573,8,8,7,8,16943
4574,3,3,4,5,932
4575,7,7,6,6,15829
4580,1,1,1,1,3662
4581,3,2,2,4,1069
4600,1,1,2,2,640
4601,2,2,2,3,772
4605,1,1,1,1,2849
4606,1,1,2,1,1647
4608,3,3,5,3,605
4610,3,2,3,3,9407
4611,3,4,7,5,75
4612,3,3,5,4,177
4613,1,1,2,2,606
4614,1,1,1,1,829
4615,1,1,2,1,4874
4620,2,2,5,4,293
4621,1,1,2,1,1248
4625,2,2,2,2,1865
4626,2,2,3,2,1500
4627,1,1,2,2,555
4630,2,3,3,4,1616
4650,1,1,2,1,22954
4655,2,2,3,2,40678
4659,1,1,2,1,3560
4660,2,1,3,1,5080
4662,1,1,1,1,503
4670,2,2,2,2,52508
4671,1,1,2,1,4206
4673,1,1,3,1,442
4674,1,1,2,1,1027
4676,1,1,2,1,123
4677,3,3,4,2,2339
4678,3,2,6,1,611
4680,5,5,5,2,32102
4694,2,1,1,1,120
4695,2,2,4,1,723
4697,1,1,3,1,96
4699,3,3,6,2,287
4700,3,3,2,5,10826
4701,3,3,3,2,26049
4702,4,4,6,2,17276
4703,5,5,6,4,14087
4704,5,5,8,2,84
4705,6,6,7,4,237
4706,5,5,6,4,57
4707,1,1,2,1,176
4709,10,9,7,5,641
4710,3,3,3,2,3064
4711,9,8,10,4,1072
4712,2,2,2,3,193
4713,1,1,1,1,416
4714,1,1,1,1,2053
4715,6,5,6,2,4311
4716,6,5,8,2,563
4717,5,4,3,1,2701
4718,5,4,5,3,1465
4719,4,4,4,3,661
4720,7,6,7,4,7881
4721,7,6,6,3,2205
4722,7,6,8,4,1158
4723,6,6,7,3,833
4724,6,6,6,4,353
4725,6,5,5,5,948
4726,2,2,2,1,252
4727,7,7,6,7,156
4728,5,5,5,5,140
4730,6,5,4,6,2009
4731,3,3,3,5,124
4732,5,6,7,7,86
4733,8,8,8,9,136
4735,2,2,1,3,650
4736,4,4,5,3,60
4737,3,2,5,1,5074
4738,4,4,7,1,765
4739,3,2,5,1,234
4740,5,5,4,3,48412
4741,5,5,7,2,4591
4742,4,3,6,1,764
4743,9,7,4,4,369
4744,8,7,5,4,4870
4745,4,4,3,2,1702
4746,8,6,4,2,1136
4750,6,5,6,4,3170
4751,8,6,8,2,2708
4753,8,7,9,2,2308
4754,4,4,6,2,1364
4756,2,1,2,2,394
4757,2,1,3,1,229
4798,2,2,4,1,465
4799,2,2,3,1,710
4800,5,4,6,2,5968
4802,6,6,4,5,6238
4804,1,1,2,1,1153
4805,2,2,2,1,7099
4806,3,2,4,1,2595
4807,3,3,4,2,7379
4808,6,4,6,2,753
4809,3,3,5,2,664
4810,6,7,2,8,14590
4811,6,6,5,5,8115
4812,3,3,1,5,12112
4814,5,6,4,6,26198
4815,2,2,3,2,12005
4816,1,1,1,2,5853
4817,6,6,6,4,17873
4818,6,6,7,4,15969
4819,3,3,1,6,1741
4820,2,2,2,2,6541
4821,3,3,3,3,835
4822,4,4,3,3,474
4823,5,5,4,4,630
4824,4,4,2,3,1794
4825,4,4,3,3,11112
4828,1,1,1,1,113
4829,1,1,1,1,301
4830,1,1,1,1,782
4849,1,1,1,1,1049
4850,3,3,4,2,7678
4852,4,4,3,5,2499
4854,2,2,3,1,3612
4855,4,3,4,2,534
4856,2,2,3,1,491
4858,4,3,4,2,954
4859,2,1,2,1,308
4860,1,1,1,1,7459
4861,2,1,1,1,993
4865,5,4,5,4,4935
4868,4,4,3,4,13725
4869,4,3,4,2,10629
4870,4,5,2,6,45879
4871,1,1,1,1,6867
4872,3,3,3,3,2688
4873,3,3,3,3,4332
4874,3,4,2,2,2911
4875,1,1,1,4,3813
4876,1,1,1,1,1209
4877,7,6,4,7,3829
4878,6,6,4,7,8828
4879,8,8,7,8,12783
4880,2,2,2,2,8717
4881,4,5,4,7,3088
4882,6,5,7,4,1825
4883,3,3,2,3,5541
4884,7,7,6,8,1288
4885,4,4,4,5,2586
4886,2,2,2,4,588
4887,1,1,1,2,1362
4888,1,1,1,1,2022
4890,1,1,1,2,708
4891,3,2,2,2,393
4892,1,1,1,1,2930
4895,1,1,1,2,2719
5000,5,8,1,10,9021
5006,9,10,3,10,4620
5007,5,6,1,8,4982
5008,2,3,1,5,9261
5009,4,5,2,6,3388
5010,1,1,1,2,3863
5011,6,6,3,6,7805
5012,1,1,1,1,6934
5013,1,1,1,1,6705
5014,3,3,2,4,8296
5015,3,4,1,5,3991
5016,6,5,4,6,6151
5017,1,1,1,1,3370
5018,7,6,6,5,3933
5019,4,5,2,7,6470
5020,9,8,8,8,2201
5021,8,8,7,7,4284
5022,8,8,6,9,10736
5023,2,2,1,3,11499
5024,8,8,6,7,9571
5025,7,6,5,6,5668
5031,5,6,1,8,6722
5032,7,7,3,7,8777
5033,4,5,1,6,5764
5034,9,9,6,10,6725
5035,7,8,2,9,4214
5037,5,6,2,7,7300
5038,5,6,2,7,10520
5039,5,6,2,8,5896
5040,6,7,4,8,1648
5041,9,9,8,9,8782
5042,5,5,2,7,7142
5043,3,3,1,6,12922
5044,8,8,6,9,7382
5045,8,8,4,9,11099
5046,5,5,2,7,6251
5047,4,5,2,7,5626
5048,7,7,5,8,9974
5049,9,9,8,9,6672
5050,9,9,9,9,3807
5051,10,9,10,10,9027
5052,10,10,10,10,4238
5061,10,10,8,10,6411
5062,10,10,9,10,9733
5063,9,9,5,10,8374
5064,10,10,9,10,6633
5065,9,9,6,10,6821
5066,10,10,10,10,7562
5067,8,9,3,10,7028
5068,8,9,5,10,8197
5069,9,9,6,10,5545
5070,6,7,3,8,9968
5072,8,8,6,9,8502
5073,7,7,5,8,10301
5074,4,5,2,6,8938
5075,7,7,5,7,7330
5076,9,8,9,8,6171
5081,9,10,7,10,6253
5082,8,8,5,9,9817
5083,7,7,4,8,5001
5084,1,1,1,1,6487
5085,4,5,2,6,13334
5086,4,5,2,6,10855
5087,5,6,2,7,7877
5088,3,3,1,3,2258
5089,9,8,9,8,4369
5090,6,5,5,5,5673
5091,9,8,8,7,5085
5092,6,5,5,5,11822
5093,4,4,3,4,6077
5094,1,1,1,1,595
5095,6,6,4,7,12963
5096,4,3,4,3,8667
5097,7,6,6,5,9215
5098,3,3,3,2,8375
5106,1,1,1,1,160
5107,1,1,2,1,10907
5108,1,1,1,1,25311
5109,2,2,3,1,13692
5110,1,2,3,1,5510
5112,1,1,1,1,12400
5113,1,1,1,1,11389
5114,2,2,3,1,19583
5115,1,1,1,1,5630
5116,3,3,2,3,5951
5117,9,7,10,4,1736
5118,5,5,6,4,11990
5120,3,4,8,3,1293
5121,3,4,6,3,1117
5125,8,8,7,7,12254
5126,8,7,7,6,4686
5127,8,7,7,7,5163
5131,10,9,10,8,643
5132,10,9,10,9,276
5133,10,9,10,8,255
5134,8,8,9,9,285
5136,9,9,9,9,328
5137,10,10,10,9,369
5138,10,10,10,10,190
5139,9,9,9,9,156
5140,10,10,10,10,264
5141,10,10,10,10,445
5142,9,8,9,8,391
5144,10,10,10,9,280
5150,10,10,10,10,43
5151,10,10,10,9,241
5152,10,10,10,10,4004
5153,10,9,10,9,4168
5154,10,10,10,10,2176
5155,10,9,9,10,2496
5156,10,9,9,10,625
5157,10,9,10,8,1954
5158,9,8,8,7,16112
5159,9,8,8,7,21658
5160,NA,NA,NA,5,11
5161,5,4,4,3,6864
5162,4,3,3,2,22608
5163,2,1,2,1,9305
5164,1,1,1,1,3441
5165,2,2,1,3,3541
5166,1,1,1,1,1282
5167,5,5,4,5,3882
5168,2,2,2,2,3552
5169,5,4,4,4,10626
5170,6,5,6,6,772
5171,8,7,8,7,4006
5172,9,8,9,8,2618
5173,3,3,3,3,7830
5174,5,4,5,4,1874
5201,8,8,9,7,1264
5202,5,5,7,4,569
5203,4,3,5,5,902
5204,4,3,4,4,2079
5210,7,6,9,5,1084
5211,3,3,3,3,11055
5212,5,4,4,5,1564
5213,7,6,7,7,767
5214,3,2,3,3,6159
5220,4,3,3,4,98
5221,2,2,2,5,201
5222,4,3,4,4,450
5223,4,4,4,5,2408
5231,9,9,10,8,810
5232,9,9,10,8,278
5233,8,8,8,7,995
5234,8,8,9,7,840
5235,5,5,6,5,1716
5236,3,3,6,5,203
5237,4,3,6,5,230
5238,2,1,2,1,2929
5240,9,9,9,9,337
5241,6,5,6,4,1673
5242,9,8,9,8,1056
5243,9,9,10,9,571
5244,8,7,9,7,2735
5245,9,9,9,9,2106
5250,9,8,9,8,2149
5251,6,6,5,6,9215
5252,8,7,8,6,3993
5253,1,1,1,1,12146
5254,5,4,7,3,1591
5255,6,5,7,5,6140
5256,2,2,3,3,980
5259,3,3,3,3,708
5260,1,1,1,1,1212
5261,6,7,8,8,231
5262,8,7,9,8,263
5263,9,8,9,7,98
5264,2,2,3,2,874
5265,4,4,5,5,303
5266,8,7,7,7,369
5267,7,6,7,6,1255
5268,4,3,5,2,2321
5269,4,4,5,6,163
5270,9,8,10,7,399
5271,4,3,4,2,4806
5272,7,7,8,7,524
5273,9,8,9,8,62
5275,4,4,5,3,1653
5276,6,5,6,5,773
5277,3,2,3,2,1881
5278,2,2,3,3,326
5279,1,1,4,1,360
5280,2,2,3,1,4879
5290,2,1,1,1,16056
5291,7,6,9,4,5954
5301,4,5,7,7,393
5302,6,5,5,6,588
5303,8,7,9,7,134
5304,4,3,5,3,531
5306,5,6,6,8,47
5307,2,3,3,5,385
5308,4,5,7,7,106
5309,5,6,7,8,103
5310,4,4,7,6,46
5311,5,5,7,5,259
5320,1,1,2,1,475
5321,2,1,3,1,453
5322,4,3,5,3,704
5330,2,2,2,2,2299
5331,3,3,5,2,210
5332,2,2,4,1,281
5333,3,3,4,3,3842
5340,4,4,4,3,944
5341,1,1,2,1,5066
5342,5,4,7,2,739
5343,1,1,1,2,3208
5344,3,3,6,2,660
5345,1,1,2,1,2432
5346,2,2,4,1,245
5350,9,8,10,7,292
5351,8,7,9,6,3731
5352,7,6,7,6,3573
5353,5,5,7,4,2540
5354,1,1,2,1,270
5355,5,4,6,3,5080
5356,5,3,6,1,533
5357,1,1,2,2,307
5360,9,7,9,6,712
5371,8,7,10,5,762
5372,5,4,8,2,1371
5373,3,3,4,3,2309
5374,2,2,3,2,1018
5381,3,3,4,4,252
5400,7,6,9,4,504
5401,2,2,3,2,563
5410,3,3,4,3,215
5411,3,3,6,4,196
5412,3,3,3,5,867
5413,3,3,4,3,573
5414,7,6,6,5,103
5415,9,8,9,9,157
5416,4,4,6,4,142
5417,3,4,3,5,1022
5418,3,4,3,7,80
5419,5,6,4,9,157
5420,1,1,4,2,57
5421,1,1,4,2,99
5422,1,1,1,1,1174
5431,5,5,6,7,636
5432,7,8,8,8,96
5433,2,2,2,2,870
5434,5,5,4,7,293
5440,7,7,5,8,170
5451,7,6,7,6,518
5452,9,8,9,8,277
5453,6,6,6,5,3249
5454,3,4,5,5,267
5455,9,9,8,9,42
5460,3,3,6,3,460
5461,3,2,3,2,1715
5462,5,4,7,4,303
5464,4,4,6,5,417
5470,4,4,4,6,91
5471,4,4,4,6,53
5472,3,4,3,7,125
5473,1,1,2,2,493
5480,5,5,4,6,556
5481,5,5,5,7,416
5482,6,5,6,6,367
5483,6,7,7,8,222
5485,4,4,4,4,408
5490,7,7,5,8,106
5491,6,5,6,6,1248
5493,2,2,3,5,52
5495,2,2,3,3,445
5501,4,3,7,1,4742
5502,5,4,7,2,1021
5510,4,4,6,5,78
5520,1,1,2,1,406
5521,3,3,3,6,102
5522,2,2,2,4,1058
5523,4,4,4,5,1277
5540,1,1,1,1,9965
5550,1,1,2,1,611
5552,3,3,6,4,269
5554,2,2,3,1,3413
5555,5,5,6,5,353
5556,1,1,2,1,2898
5558,2,2,3,2,3406
5560,2,2,3,2,286
5570,3,3,5,4,424
5571,2,2,3,2,1335
5572,7,8,9,9,101
5573,2,3,3,3,1379
5575,4,4,4,4,1600
5576,3,2,3,3,750
5577,3,3,4,4,366
5580,7,6,7,6,239
5581,3,3,3,3,421
5582,2,2,3,2,483
5583,2,2,3,3,564
5600,5,5,3,4,4126
5601,2,2,4,1,330
5602,4,3,5,3,919
5603,5,4,6,5,271
5604,2,2,3,2,149
5605,4,3,3,4,1175
5606,3,2,2,2,8801
5607,7,6,8,5,3231
5608,1,1,1,1,8438
5609,7,6,5,4,1124
5630,8,7,8,6,85
5631,7,6,5,5,669
5632,9,9,10,9,150
5633,6,6,7,7,206
5640,6,5,5,5,696
5641,7,6,7,6,639
5642,9,8,10,8,153
5650,8,8,9,8,107
5651,7,7,8,7,56
5652,6,5,5,4,445
5653,5,5,5,6,43
5654,5,5,5,6,175
5655,7,7,7,6,55
5660,7,7,7,6,23
5661,7,7,7,6,81
5670,4,4,4,6,334
5671,6,5,6,5,109
5680,5,5,5,4,1369
5690,2,2,1,4,2241
5700,1,1,1,1,7001
5710,5,4,6,2,1706
5713,5,6,4,6,3
5715,7,7,6,6,16
5717,4,5,3,5,10
5719,3,3,2,4,33
5720,6,6,2,7,148
5722,1,1,1,1,228
5723,1,1,1,3,1476
5724,1,1,1,2,272
5725,8,7,5,4,2309
5730,4,4,2,6,61
5731,3,2,1,3,352
5732,1,1,1,1,158
5733,2,2,1,3,166
5734,1,1,1,2,108
6000,8,9,1,10,8431
6003,8,9,2,10,2739
6004,8,10,2,10,7958
6005,8,9,1,10,4317
6006,9,10,8,10,6128
6007,10,10,7,10,5018
6008,10,10,7,10,10417
6009,10,10,9,10,10721
6010,10,10,9,10,10848
6011,10,10,10,10,5707
6012,9,10,9,10,5727
6014,10,10,9,10,13195
6015,10,10,10,10,4048
6016,9,9,7,9,6645
6017,5,6,1,7,2994
6018,9,10,9,9,25290
6019,10,10,8,10,14814
6020,10,10,10,10,13631
6021,7,8,8,7,13875
6022,9,8,9,8,3353
6023,10,10,10,9,9753
6024,9,9,9,8,8975
6025,9,9,10,8,19442
6026,10,9,10,8,14570
6027,9,9,9,8,26647
6028,10,10,10,8,13355
6029,10,10,10,10,1796
6030,6,7,8,5,23365
6031,8,8,10,6,9432
6032,8,8,10,7,135
6033,8,9,10,6,282
6034,9,8,10,6,904
6035,6,6,8,3,5263
6036,6,7,8,5,8669
6037,4,5,8,2,1902
6038,9,8,9,7,3568
6041,3,3,8,1,997
6042,1,2,3,4,51
6043,4,4,6,2,166
6044,3,3,5,2,845
6050,10,10,8,10,10570
6051,7,8,2,9,8994
6052,9,9,7,9,7465
6053,8,8,7,9,9974
6054,5,6,4,6,13571
6055,8,8,10,7,13289
6056,4,4,5,3,25388
6057,7,6,8,3,10660
6058,5,5,6,2,8223
6059,7,8,7,8,16132
6060,7,8,3,8,17074
6061,2,2,1,3,25191
6062,6,7,6,6,22347
6063,4,4,7,2,8876
6064,2,2,4,1,19659
6065,8,8,10,6,37676
6066,5,5,8,3,11429
6067,7,5,9,4,19
6069,7,8,9,5,22569
6070,10,10,10,10,2340
6071,9,9,10,9,2222
6072,10,9,10,8,595
6073,8,8,9,7,2092
6074,8,8,9,7,649
6076,9,9,10,8,14293
6077,8,8,10,5,971
6078,8,9,10,6,597
6079,8,9,10,7,26
6081,9,9,10,7,2931
6082,8,8,10,6,1996
6083,9,9,10,7,2267
6084,8,7,10,4,5115
6100,8,9,4,9,10061
6101,7,8,4,9,11152
6102,2,4,1,7,8644
6103,5,7,2,8,7078
6104,5,6,4,6,9601
6105,4,5,3,4,9840
6107,5,6,5,5,27579
6108,5,5,7,3,14988
6109,2,2,3,1,7672
6110,4,5,6,3,25239
6111,5,5,6,3,15014
6112,5,6,7,4,34297
6121,9,9,10,5,1834
6122,8,7,10,3,9889
6123,6,5,9,1,952
6124,7,7,9,5,765
6125,8,7,10,4,2022
6126,6,6,7,6,541
6147,4,5,4,4,9979
6148,8,9,8,9,11546
6149,10,10,10,9,12229
6150,9,10,9,9,8502
6151,10,10,7,10,11241
6152,8,9,6,10,16656
6153,10,10,9,10,13184
6154,9,10,9,9,6589
6155,9,9,10,8,31244
6156,9,9,8,9,10746
6157,8,9,7,9,9098
6158,10,10,9,10,4814
6159,9,10,7,10,2424
6160,7,9,3,10,6023
6161,7,8,1,9,245
6162,7,8,5,9,7630
6163,6,7,6,6,34567
6164,8,9,10,7,34535
6165,8,6,9,2,53
6166,8,8,10,6,6255
6167,3,3,4,2,16427
6168,2,2,2,1,16112
6169,4,4,6,3,21815
6170,7,7,8,5,7166
6171,8,8,9,5,17432
6172,5,5,8,3,7720
6173,9,9,10,6,6341
6174,6,6,8,4,2040
6175,8,8,10,5,2088
6176,8,8,10,5,786
6180,6,6,8,3,3015
6181,9,9,10,6,292
6207,7,7,10,4,654
6208,3,3,6,1,7537
6209,2,2,6,1,1292
6210,4,4,5,2,44375
6211,6,6,8,4,4485
6213,3,4,6,2,496
6214,5,5,9,3,390
6215,3,3,6,1,2694
6218,2,2,3,1,264
6220,3,3,5,1,3151
6221,7,7,9,5,178
6223,7,7,9,5,131
6224,3,2,5,1,764
6225,2,2,3,1,5780
6226,9,9,10,6,494
6227,7,7,9,5,463
6228,6,6,7,5,116
6229,4,4,6,3,140
6230,4,4,5,3,27120
6232,6,5,8,2,6573
6233,7,6,9,3,11224
6236,8,8,10,6,1296
6237,8,8,10,5,1596
6239,5,5,7,4,2850
6240,8,8,9,8,90
6243,7,6,8,6,41
6244,4,5,6,5,999
6251,5,5,7,5,276
6252,4,4,6,4,119
6253,5,6,5,7,458
6254,1,1,2,2,335
6255,5,5,6,4,2674
6256,7,7,9,7,264
6258,3,3,4,2,4165
6260,5,5,5,5,941
6262,3,3,4,6,523
6271,5,5,7,3,2089
6275,3,4,4,6,950
6280,5,5,7,4,17604
6281,9,9,10,8,4391
6282,9,9,10,9,833
6284,9,8,9,7,1354
6285,7,7,8,7,5593
6286,8,8,8,7,418
6288,5,5,6,6,351
6290,3,3,4,3,1225
6302,4,4,5,4,2477
6304,4,3,5,4,1207
6306,3,3,4,4,703
6308,2,3,4,3,1094
6309,5,5,7,6,198
6311,6,6,8,6,387
6312,3,3,3,4,2966
6313,7,7,9,6,208
6315,3,3,4,3,1327
6316,6,7,7,8,226
6317,1,2,2,1,2652
6318,5,5,6,6,340
6320,2,3,3,6,344
6321,3,3,4,4,335
6322,7,7,9,8,161
6323,2,2,5,2,693
6324,3,3,4,4,2310
6326,5,5,9,5,321
6327,6,6,9,6,188
6328,6,6,6,7,285
6330,5,5,5,4,22907
6333,6,6,6,7,3857
6335,5,5,4,4,481
6336,4,5,7,6,219
6337,8,7,9,7,346
6338,8,8,9,9,458
6341,9,8,9,8,202
6343,9,9,9,9,154
6346,5,5,6,4,509
6348,5,5,4,5,575
6350,2,3,3,4,224
6351,8,8,9,9,55
6352,8,8,9,9,131
6353,7,7,6,7,507
6355,8,8,8,8,263
6356,10,9,9,9,73
6357,10,9,10,9,38
6358,10,9,10,9,71
6359,6,6,6,6,295
6361,10,9,10,9,68
6363,10,9,10,9,69
6365,6,6,7,7,352
6367,3,3,2,6,232
6368,10,9,10,9,52
6369,6,5,6,4,460
6370,3,4,4,4,294
6372,7,7,9,8,105
6373,10,9,10,9,52
6375,3,4,4,4,627
6383,2,3,3,3,704
6384,6,7,8,8,17
6385,5,6,8,7,15
6386,5,6,8,7,74
6390,5,5,7,3,1172
6391,8,7,9,7,658
6392,4,5,3,6,331
6393,7,7,7,8,83
6394,7,8,9,8,320
6395,5,5,5,6,1093
6396,6,6,6,6,234
6397,3,4,5,6,56
6398,5,4,3,5,385
6401,2,3,3,2,5315
6403,5,4,6,3,112
6405,5,5,7,3,200
6407,6,6,5,5,669
6409,3,4,4,4,251
6410,1,1,2,2,715
6411,9,9,10,9,97
6412,9,9,10,9,37
6413,7,8,8,8,41
6414,7,8,8,8,49
6415,3,3,3,2,1795
6418,3,4,3,5,473
6419,5,6,8,7,43
6420,9,9,10,8,76
6421,8,8,9,8,89
6422,7,7,9,6,30
6423,7,7,9,6,144
6424,8,8,9,8,66
6425,8,8,9,8,69
6426,2,2,3,1,566
6428,5,6,8,7,20
6429,1,1,1,1,601
6430,7,7,7,4,13555
6431,1,1,1,1,584
6432,3,2,3,1,4225
6434,3,3,4,2,137
6436,1,1,1,2,79
6437,7,5,4,2,411
6438,1,1,1,2,581
6440,1,1,1,2,835
6442,3,2,3,1,1514
6443,1,1,1,2,620
6445,7,7,8,9,119
6446,10,9,10,8,71
6447,10,9,10,9,112
6448,7,6,8,4,241
6450,5,5,6,3,8158
6460,3,3,3,4,528
6461,4,4,4,6,346
6462,8,8,9,9,67
6463,8,8,5,7,13
6465,8,8,9,9,25
6466,7,7,6,8,43
6467,7,7,6,8,20
6468,6,7,7,8,152
6470,8,8,10,7,10
6472,8,8,9,8,118
6473,9,8,10,8,39
6475,3,3,5,3,273
6476,5,6,5,8,40
6477,5,6,5,8,182
6479,7,6,7,6,360
6480,8,8,9,9,30
6485,1,2,1,2,372
6487,2,2,3,5,42
6488,2,2,3,5,142
6489,2,2,3,5,73
6490,3,3,3,4,163
6501,7,7,10,2,626
6502,5,5,7,3,745
6503,5,5,8,3,1445
6504,6,7,9,6,117
6505,6,7,9,6,89
6506,9,8,8,8,51
6507,8,8,8,7,380
6509,9,8,8,8,140
6510,4,3,3,2,1280
6511,4,4,6,1,356
6512,9,8,10,9,68
6513,7,7,9,7,137
6514,1,1,2,1,427
6515,6,6,7,7,225
6516,5,5,7,2,1176
6517,6,5,5,5,262
6518,5,5,6,7,141
6519,5,5,5,5,358
6521,8,8,9,7,270
6522,7,6,7,5,302
6525,4,4,5,3,2375
6528,5,5,8,3,280
6530,3,4,4,3,19769
6532,8,7,9,5,4164
6535,2,3,4,2,1120
6536,3,3,4,2,1049
6537,5,4,2,5,638
6556,7,7,10,4,1308
6558,7,7,9,6,2102
6560,3,2,4,1,867
6562,5,5,8,2,857
6564,3,3,7,2,240
6566,5,5,6,4,2303
6567,5,5,8,5,317
6568,5,5,6,5,154
6569,4,4,5,5,167
6571,4,4,5,5,54
6572,9,8,8,8,45
6574,10,9,10,9,51
6575,9,8,10,9,91
6603,4,4,3,4,720
6605,7,7,6,8,31
6606,7,7,6,8,128
6608,8,8,7,9,92
6609,8,7,7,5,530
6612,5,6,7,6,137
6613,7,7,8,7,39
6614,9,9,9,9,20
6616,9,9,9,9,43
6620,5,5,5,4,379
6623,3,3,2,5,401
6625,7,8,7,9,43
6627,7,8,7,9,31
6628,7,8,8,9,24
6630,1,1,1,5,403
6631,6,7,7,8,27
6632,7,8,8,9,30
6635,1,2,1,5,231
6638,1,1,1,2,310
6639,3,3,5,3,84
6640,1,2,1,6,142
6642,1,1,1,5,695
6646,1,1,1,2,554
6701,3,3,2,4,3530
6705,1,1,1,1,149
6707,7,7,6,6,1676
6710,4,5,2,3,3552
6713,10,10,10,6,645
6714,8,9,7,6,10055
6716,8,6,4,2,475
6718,1,1,1,1,630
6720,6,6,3,2,1497
6721,9,9,7,8,2927
6722,6,6,3,3,5821
6725,2,4,1,6,6491
6726,6,7,5,7,3274
6728,1,1,1,1,3267
6740,1,1,1,2,687
6743,3,4,1,6,3611
6751,9,7,5,4,3284
6753,6,6,3,4,4826
6754,8,7,5,3,778
6758,1,1,1,2,1475
6760,1,1,1,1,384
6762,1,1,1,3,646
6765,1,1,1,2,967
6770,1,1,1,1,1483
6798,4,5,4,3,1232
6799,1,1,3,1,351
7000,8,8,2,10,9168
7004,9,9,3,10,4961
7005,9,9,5,10,8447
7007,9,9,7,10,1957
7008,7,7,3,9,8023
7009,2,2,1,3,8180
7010,1,1,1,1,11166
7011,2,1,1,1,9532
7012,7,5,7,5,522
7015,8,7,6,8,7246
7016,1,1,1,1,1874
7017,8,6,8,4,3694
7018,6,6,4,7,14194
7019,1,1,1,1,3586
7020,10,9,10,8,1585
7021,8,7,8,7,1570
7022,7,6,7,6,576
7023,7,7,6,9,233
7024,10,9,9,9,339
7025,8,8,8,8,1174
7026,5,4,7,3,603
7027,1,1,2,1,221
7030,1,1,1,1,10431
7050,6,6,4,7,7994
7052,8,8,7,8,4595
7053,10,10,9,10,2350
7054,9,8,9,8,5504
7055,7,4,5,3,265
7109,4,4,5,4,5835
7112,3,3,2,6,2086
7113,5,5,4,5,759
7116,2,2,3,2,1530
7117,2,2,2,1,610
7119,1,1,2,1,23
7120,1,1,3,2,1265
7140,1,1,2,1,7355
7150,7,6,7,8,1915
7155,8,8,8,9,561
7162,9,8,8,9,422
7163,6,6,6,8,238
7170,10,9,10,8,3210
7171,5,4,4,4,2158
7172,3,2,4,1,2455
7173,3,3,4,3,4259
7174,5,5,7,6,103
7175,4,4,6,5,116
7176,5,5,7,6,100
7177,2,2,4,3,262
7178,3,3,5,6,198
7179,6,5,5,6,289
7180,2,2,3,5,115
7182,1,1,2,2,190
7183,3,4,5,9,37
7184,1,1,2,2,551
7185,2,2,3,3,71
7186,2,2,3,3,132
7187,2,2,3,5,94
7190,2,2,2,3,2257
7209,3,3,3,5,292
7210,1,1,1,1,747
7211,2,2,4,2,165
7212,5,5,5,5,1292
7213,1,1,1,1,202
7214,1,1,1,1,424
7215,2,2,2,4,2346
7216,1,1,1,2,2373
7248,1,1,1,1,9476
7249,3,3,2,4,8359
7250,4,4,3,6,30741
7252,7,6,7,5,1909
7253,1,1,1,1,3198
7254,3,2,5,2,333
7255,5,5,4,7,578
7256,5,4,4,4,1065
7257,1,1,1,1,44
7258,9,8,10,7,603
7259,3,3,5,3,300
7260,2,1,2,1,2166
7261,1,1,2,1,179
7262,3,3,3,2,1114
7263,2,2,3,3,388
7264,1,1,1,1,462
7265,2,2,2,4,172
7267,6,5,7,4,535
7268,6,5,5,4,685
7270,1,1,2,1,2881
7275,5,4,5,4,2127
7276,3,3,4,5,369
7277,8,7,8,6,3675
7290,5,3,5,2,1435
7291,7,6,7,5,366
7292,7,6,8,6,395
7300,6,4,6,2,2285
7301,3,2,3,2,2906
7302,3,2,4,2,1071
7303,3,3,4,3,1840
7304,2,2,3,4,3941
7305,1,1,3,1,784
7306,3,2,4,3,2674
7307,4,3,4,2,6816
7310,2,1,2,2,17620
7315,2,2,2,2,9753
7316,4,4,5,4,3861
7320,1,1,1,1,10288
7321,4,3,5,2,3044
7322,2,1,2,1,2575
7325,2,2,2,2,5764
7330,2,2,3,1,4048
7331,4,4,4,4,366
7466,2,2,5,1,9
7467,1,1,1,1,1223
7468,4,3,3,2,464
7469,1,1,1,1,515
7470,1,1,1,1,448
NA,NA,NA,NA,NA,NA
NA,NA,NA,NA,NA,NA
